{"metric": 47.243721357404254, "Q_pos": 0.43511202369751795, "R": 0.00021266747411954656, "N": 4, "t_max": 0.27}